route, url
Lion Rock, https://static.thehoneycombers.com/wp-content/uploads/sites/6/2022/12/hiking-lead-image.jpeg
Fei Ngo Shan Hiking Trail, https://static.thehoneycombers.com/wp-content/uploads/sites/6/2022/12/The-33rd-HKTDC-Food-Expo-opens-with-a-bang-2-copy.png
Tate’s Cairn Trail, https://static.thehoneycombers.com/wp-content/uploads/sites/6/2022/12/The-33rd-HKTDC-Food-Expo-opens-with-a-bang-2-copy-2.png
Devil’s Peak, https://static.thehoneycombers.com/wp-content/uploads/sites/6/2022/12/The-33rd-HKTDC-Food-Expo-opens-with-a-bang-2-copy-3.png
Suicide Cliff, https://static.thehoneycombers.com/wp-content/uploads/sites/6/2022/12/The-33rd-HKTDC-Food-Expo-opens-with-a-bang-2-copy-4.png
Sharp Peak Hiking Trail, https://static.thehoneycombers.com/wp-content/uploads/sites/6/2022/12/The-33rd-HKTDC-Food-Expo-opens-with-a-bang-2-copy-5.png
Lung Ha Wan Country Trail, https://static.thehoneycombers.com/wp-content/uploads/sites/6/2022/12/hiking-2.png
High Junk Peak Hiking Trail, https://static.thehoneycombers.com/wp-content/uploads/sites/6/2022/12/hiking-3.png
Yuen Tsuen Ancient Trail, https://static.thehoneycombers.com/wp-content/uploads/sites/6/2022/12/hiking-2-copy.png
Wu Kau Tang Country Trail, https://static.thehoneycombers.com/wp-content/uploads/sites/6/2022/12/hiking-2-1.png
MacLehose Trail, https://static.thehoneycombers.com/wp-content/uploads/sites/6/2022/12/hiking-3-copy-2.png
Tai Mo Shan Trail, https://static.thehoneycombers.com/wp-content/uploads/sites/6/2022/12/hiking-3-copy-3.png
Kam Shan Country Park Trail, https://static.thehoneycombers.com/wp-content/uploads/sites/6/2022/12/hiking-3-1.png
Ping Shan Heritage Trail, https://static.thehoneycombers.com/wp-content/uploads/sites/6/2022/12/hiking-4.png
Needle Hill, https://static.thehoneycombers.com/wp-content/uploads/sites/6/2022/12/hiking-4-copy.png
Rooster Ridge, https://static.thehoneycombers.com/wp-content/uploads/sites/6/2022/12/hiking-4-copy-2.png
Pineapple Mountain, https://static.thehoneycombers.com/wp-content/uploads/sites/6/2022/12/hiking-4-copy-3.png
Thousand Island Hike, https://static.thehoneycombers.com/wp-content/uploads/sites/6/2022/12/hiking-4-copy-4.png
Dragon’s Back, https://static.thehoneycombers.com/wp-content/uploads/sites/6/2022/12/hiking-4-copy-5.png
The Peak Trail, https://static.thehoneycombers.com/wp-content/uploads/sites/6/2022/12/hiking-4-1.png
Jardine’s Lookout, https://static.thehoneycombers.com/wp-content/uploads/sites/6/2022/12/hiking-5-copy.png
Cape D’Aguilar, https://static.thehoneycombers.com/wp-content/uploads/sites/6/2022/12/hiking-5-copy-2.png
The Twins, https://static.thehoneycombers.com/wp-content/uploads/sites/6/2022/12/hiking-6.png
Ap Lei Pai, https://static.thehoneycombers.com/wp-content/uploads/sites/6/2022/12/hiking-6-copy.png
Po Toi Country Trail, https://static.thehoneycombers.com/wp-content/uploads/sites/6/2022/12/hiking-6-copy-2.png
Tung O Ancient Trail, https://static.thehoneycombers.com/wp-content/uploads/sites/6/2022/12/hiking-6-copy-3.png
Lantau Trail, https://static.thehoneycombers.com/wp-content/uploads/sites/6/2022/12/hiking-6-copy-4.png
Finger Hill, https://static.thehoneycombers.com/wp-content/uploads/sites/6/2022/12/hiking-6-copy-5.png
Rescue Trail, https://static.thehoneycombers.com/wp-content/uploads/sites/6/2022/12/hiking-6-copy-6.png